"[1478191169, 45150, 24880, 8, 84, 146, 66, 255, 146, 66, 0, 255]",-1
"[1478191169, 45614, 3104, 8, 81, 0, 0, 0, 0, 0, 0, 0]",1
"[1478191169, 46309, 24880, 8, 84, 146, 66, 255, 146, 66, 0, 255]",-1
"[1478191169, 47246, 1328, 8, 80, 2, 69, 134, 55, 0, 0, 166]",1
"[1478191169, 47470, 24880, 8, 84, 146, 66, 255, 146, 66, 0, 255]",-1
"[1478191169, 48589, 24880, 8, 84, 146, 66, 255, 146, 66, 0, 255]",-1
"[1478191169, 52028, 24880, 8, 84, 146, 66, 255, 146, 66, 0, 255]",-1
"[1478191169, 53146, 832, 8, 0, 0, 0, 0, 0, 0, 0, 0]",1
"[1478191169, 53369, 24880, 8, 84, 146, 66, 255, 146, 66, 0, 255]",-1
"[1478191169, 53624, 6976, 8, 0, 0, 0, 0, 0, 0, 0, 0]",1
"[1478191169, 53871, 7952, 8, 128, 0, 0, 0, 0, 0, 0, 0]",1
"[1478191169, 54110, 13584, 8, 0, 18, 1, 255, 0, 255, 0, 0]",1
"[1478191169, 54357, 8192, 8, 0, 0, 0, 0, 0, 128, 96, 225]",1
"[1478191169, 59341, 24880, 8, 80, 34, 70, 144, 34, 18, 0, 71]",1
"[1478191169, 64553, 2400, 8, 0, 0, 16, 0, 10, 32, 0, 0]",1
"[1478191169, 64778, 24880, 8, 84, 146, 66, 255, 146, 66, 0, 255]",-1
"[1478191169, 70156, 2592, 8, 2, 0, 88, 209, 105, 32, 219, 0]",1
"[1478191169, 75782, 24880, 8, 84, 146, 66, 255, 146, 66, 0, 255]",-1
"[1478191169, 76032, 3904, 8, 0, 0, 0, 8, 0, 118, 29, 49]",1
"[1478191169, 76902, 24880, 8, 84, 146, 66, 255, 146, 66, 0, 255]",-1
"[1478191169, 77380, 1328, 8, 80, 2, 72, 134, 55, 0, 0, 171]",1
"[1478191169, 78063, 24880, 8, 84, 146, 66, 255, 146, 66, 0, 255]",-1
"[1478191169, 79227, 24880, 8, 84, 146, 66, 255, 146, 66, 0, 255]",-1
"[1478191169, 79543, 24880, 8, 80, 34, 70, 144, 34, 18, 0, 71]",1
"[1478191169, 79780, 63504, 8, 239, 116, 0, 0, 0, 195, 0, 0]",1
"[1478191169, 80008, 1568, 8, 161, 34, 34, 3, 255, 248, 230, 210]",1
"[1478191169, 80243, 2592, 8, 4, 0, 88, 209, 105, 32, 219, 0]",1
"[1478191169, 80471, 24880, 8, 84, 146, 66, 255, 146, 66, 0, 255]",-1
"[1478191169, 80711, 37424, 8, 205, 187, 231, 65, 17, 2, 0, 65]",1
"[1478191169, 80960, 1840, 8, 0, 2, 0, 0, 0, 0, 0, 0]",1
"[1478191169, 81200, 62272, 8, 0, 4, 6, 255, 39, 26, 128, 0]",1
"[1478191169, 81441, 1088, 8, 255, 0, 0, 0, 255, 26, 128, 0]",1
"[1478191169, 81669, 24880, 8, 84, 146, 66, 255, 146, 66, 0, 255]",-1
"[1478191169, 81916, 21584, 8, 141, 0, 0, 168, 0, 0, 0, 0]",1
"[1478191169, 82725, 24880, 8, 84, 146, 66, 255, 146, 66, 0, 255]",-1
"[1478191169, 83123, 8192, 8, 0, 0, 0, 0, 0, 128, 144, 90]",1
"[1478191169, 83360, 13584, 8, 0, 18, 1, 255, 0, 255, 0, 0]",1
"[1478191169, 83601, 784, 8, 160, 8, 0, 255, 130, 8, 144, 70]",1
"[1478191169, 83835, 4880, 8, 80, 8, 0, 0, 226, 247, 144, 173]",1
"[1478191169, 84076, 1040, 8, 0, 0, 0, 0, 129, 128, 146, 99]",1
"[1478191169, 84306, 24880, 8, 84, 146, 66, 255, 146, 66, 0, 255]",-1
"[1478191169, 85063, 24880, 8, 84, 146, 66, 255, 146, 66, 0, 255]",-1
"[1478191169, 85569, 3104, 8, 81, 0, 0, 0, 0, 0, 0, 0]",1
"[1478191169, 86224, 24880, 8, 84, 146, 66, 255, 146, 66, 0, 255]",-1
"[1478191169, 87233, 1328, 8, 80, 2, 73, 134, 55, 0, 0, 170]",1
"[1478191169, 87453, 24880, 8, 84, 146, 66, 255, 146, 66, 0, 255]",-1
"[1478191169, 88559, 24880, 8, 84, 146, 66, 255, 146, 66, 0, 255]",-1
"[1478191169, 89312, 24880, 8, 80, 34, 70, 144, 34, 18, 0, 71]",1
"[1478191169, 89549, 63504, 8, 239, 116, 0, 0, 0, 195, 0, 0]",1
"[1478191169, 89778, 1568, 8, 161, 34, 34, 3, 255, 248, 230, 227]",1
"[1478191169, 90010, 2592, 8, 6, 0, 88, 209, 105, 32, 219, 0]",1
"[1478191169, 90235, 24880, 8, 84, 146, 66, 255, 146, 66, 0, 255]",-1
"[1478191169, 90479, 37424, 8, 205, 187, 231, 65, 17, 2, 0, 65]",1
"[1478191169, 90728, 1840, 8, 0, 2, 0, 0, 0, 0, 0, 0]",1
"[1478191169, 90955, 24880, 8, 84, 146, 66, 255, 146, 66, 0, 255]",-1
"[1478191169, 91205, 62272, 8, 0, 4, 6, 255, 39, 10, 128, 0]",1
"[1478191169, 91447, 1088, 8, 255, 0, 0, 0, 255, 10, 128, 0]",1
"[1478191169, 91690, 21584, 8, 141, 0, 0, 152, 0, 0, 0, 0]",1
"[1478191169, 91989, 24880, 8, 84, 146, 66, 255, 146, 66, 0, 255]",-1
"[1478191169, 93112, 832, 8, 0, 0, 0, 0, 0, 0, 0, 0]",1
"[1478191169, 93338, 24880, 8, 84, 146, 66, 255, 146, 66, 0, 255]",-1
"[1478191169, 93594, 6976, 8, 0, 0, 0, 0, 0, 0, 0, 0]",1
"[1478191169, 93842, 7952, 8, 128, 0, 0, 0, 0, 0, 0, 0]",1
"[1478191169, 94080, 13584, 8, 0, 18, 1, 255, 0, 255, 0, 0]",1
"[1478191169, 94335, 8192, 8, 0, 0, 0, 0, 0, 128, 160, 40]",1
"[1478191169, 94557, 24880, 8, 84, 146, 66, 255, 146, 66, 0, 255]",-1
"[1478191169, 94811, 3904, 8, 0, 0, 0, 8, 0, 118, 29, 49]",1
"[1478191169, 95386, 3104, 8, 81, 0, 0, 0, 0, 0, 0, 0]",1
"[1478191169, 95625, 784, 8, 208, 8, 0, 255, 242, 8, 160, 116]",1
"[1478191169, 95863, 4880, 8, 144, 8, 0, 0, 3, 247, 160, 117]",1
"[1478191169, 100727, 1840, 8, 0, 2, 0, 0, 0, 0, 0, 0]",1
"[1478191169, 100965, 62272, 8, 0, 4, 6, 255, 39, 26, 128, 0]",1
"[1478191169, 101439, 1088, 8, 255, 0, 0, 0, 255, 26, 128, 0]",1
"[1478191169, 107213, 1328, 8, 80, 2, 75, 134, 55, 0, 0, 168]",1
"[1478191169, 107782, 24880, 8, 84, 146, 66, 255, 146, 66, 0, 255]",-1
"[1478191169, 113111, 832, 8, 0, 0, 0, 0, 0, 0, 0, 0]",1
"[1478191169, 113356, 6976, 8, 0, 0, 0, 0, 0, 0, 0, 0]",1
"[1478191169, 113605, 7952, 8, 128, 0, 0, 0, 0, 0, 0, 0]",1
"[1478191169, 113843, 13584, 8, 0, 18, 1, 255, 0, 255, 0, 0]",1
"[1478191169, 114092, 8192, 8, 0, 0, 0, 0, 0, 128, 192, 204]",1
"[1478191169, 114322, 24880, 8, 84, 146, 66, 255, 146, 66, 0, 255]",-1
"[1478191169, 114572, 3904, 8, 0, 0, 0, 8, 0, 118, 29, 49]",1
"[1478191169, 114811, 784, 8, 17, 8, 0, 255, 193, 8, 192, 250]",1
"[1478191169, 115051, 4880, 8, 144, 8, 0, 0, 66, 247, 192, 112]",1
"[1478191169, 115294, 1040, 8, 0, 0, 0, 0, 225, 208, 194, 179]",1
"[1478191169, 115544, 3104, 8, 81, 0, 0, 0, 0, 0, 0, 0]",1
"[1478191169, 115772, 24880, 8, 84, 146, 66, 255, 146, 66, 0, 255]",-1
"[1478191169, 116089, 24880, 8, 84, 146, 66, 255, 146, 66, 0, 255]",-1
"[1478191169, 116946, 24880, 8, 84, 146, 66, 255, 146, 66, 0, 255]",-1
"[1478191169, 117281, 1328, 8, 80, 2, 76, 134, 55, 0, 0, 175]",1
"[1478191169, 122609, 24880, 8, 84, 146, 66, 255, 146, 66, 0, 255]",-1
"[1478191169, 128263, 24880, 8, 84, 146, 66, 255, 146, 66, 0, 255]",-1
"[1478191169, 129273, 24880, 8, 80, 34, 198, 144, 34, 18, 0, 71]",1
"[1478191169, 133650, 7952, 8, 128, 0, 0, 0, 0, 0, 0, 0]",1
"[1478191169, 133884, 13584, 8, 0, 18, 1, 255, 0, 255, 0, 0]",1
"[1478191169, 134133, 8192, 8, 0, 0, 0, 0, 0, 128, 224, 111]",1
"[1478191169, 134605, 784, 8, 17, 8, 0, 255, 195, 8, 224, 90]",1
"[1478191169, 140438, 37424, 8, 205, 187, 231, 65, 17, 2, 0, 65]",1
"[1478191169, 140687, 1840, 8, 0, 2, 0, 0, 0, 0, 0, 0]",1
"[1478191169, 141161, 62272, 8, 0, 4, 6, 255, 23, 42, 128, 0]",1
"[1478191169, 141402, 1088, 8, 255, 0, 0, 0, 255, 42, 128, 0]",1
"[1478191169, 141647, 21584, 8, 141, 0, 0, 152, 0, 0, 0, 0]",1
"[1478191169, 141951, 24880, 8, 84, 146, 66, 255, 146, 66, 0, 255]",-1
"[1478191169, 143069, 24880, 8, 84, 146, 66, 255, 146, 66, 0, 255]",-1
"[1478191169, 143321, 8192, 8, 0, 0, 0, 0, 0, 128, 240, 190]",1
"[1478191169, 143566, 13584, 8, 0, 18, 1, 255, 0, 255, 0, 0]",1
"[1478191169, 144238, 24880, 8, 84, 146, 66, 255, 146, 66, 0, 255]",-1
"[1478191169, 144580, 784, 8, 49, 8, 0, 255, 179, 8, 240, 136]",1
"[1478191169, 144814, 4880, 8, 144, 8, 0, 0, 131, 247, 240, 35]",1
"[1478191169, 145059, 1040, 8, 0, 0, 0, 0, 66, 0, 242, 0]",1
"[1478191169, 145336, 3104, 8, 81, 0, 0, 0, 0, 0, 0, 0]",1
"[1478191169, 145562, 24880, 8, 84, 146, 66, 255, 146, 66, 0, 255]",-1
"[1478191169, 146577, 24880, 8, 84, 146, 66, 255, 146, 66, 0, 255]",-1
"[1478191169, 147207, 1328, 8, 80, 2, 79, 134, 55, 0, 0, 172]",1
"[1478191169, 147734, 24880, 8, 84, 146, 66, 255, 146, 66, 0, 255]",-1
"[1478191169, 148861, 24880, 8, 84, 146, 66, 255, 146, 66, 0, 255]",-1
"[1478191169, 149328, 24880, 8, 80, 34, 198, 144, 34, 18, 0, 71]",1
"[1478191169, 149567, 63504, 8, 239, 116, 0, 0, 0, 195, 0, 0]",1
"[1478191169, 149795, 1568, 8, 161, 34, 34, 3, 255, 248, 150, 17]",1
"[1478191169, 150029, 2592, 8, 2, 0, 88, 209, 105, 32, 219, 0]",1
"[1478191169, 150255, 24880, 8, 84, 146, 66, 255, 146, 66, 0, 255]",-1
"[1478191169, 150500, 37424, 8, 192, 187, 231, 65, 17, 2, 0, 65]",1
"[1478191169, 150750, 1840, 8, 0, 2, 0, 0, 0, 0, 0, 0]",1
"[1478191169, 150990, 62272, 8, 0, 4, 6, 255, 23, 58, 128, 0]",1
"[1478191169, 153130, 832, 8, 0, 0, 0, 0, 0, 0, 0, 0]",1
"[1478191169, 153369, 6976, 8, 0, 0, 0, 0, 0, 0, 0, 0]",1
"[1478191169, 153616, 7952, 8, 128, 0, 0, 0, 0, 0, 0, 0]",1
"[1478191169, 153852, 13584, 8, 0, 18, 1, 255, 0, 255, 0, 0]",1
"[1478191169, 154104, 8192, 8, 0, 0, 0, 0, 0, 144, 0, 193]",1
"[1478191169, 154582, 784, 8, 81, 8, 0, 255, 209, 8, 0, 93]",1
"[1478191169, 154818, 4880, 8, 80, 8, 0, 0, 115, 247, 0, 75]",1
"[1478191169, 155062, 1040, 8, 0, 0, 0, 0, 32, 114, 2, 32]",1
"[1478191169, 155288, 24880, 8, 84, 146, 66, 255, 146, 66, 0, 255]",-1
"[1478191169, 155790, 3904, 8, 0, 0, 0, 8, 0, 118, 29, 49]",1
"[1478191169, 156017, 24880, 8, 84, 146, 66, 255, 146, 66, 0, 255]",-1
"[1478191169, 156944, 24880, 8, 84, 146, 66, 255, 146, 66, 0, 255]",-1
"[1478191169, 157397, 1328, 8, 80, 2, 64, 134, 55, 0, 0, 163]",1
"[1478191169, 158088, 24880, 8, 84, 146, 66, 255, 146, 66, 0, 255]",-1
"[1478191169, 159216, 24880, 8, 84, 146, 66, 255, 146, 66, 0, 255]",-1
"[1478191169, 159452, 24880, 8, 80, 34, 198, 144, 34, 18, 0, 71]",1
"[1478191169, 162602, 24880, 8, 84, 146, 66, 255, 146, 66, 0, 255]",-1
"[1478191169, 163128, 8192, 8, 0, 0, 0, 0, 0, 144, 16, 16]",1
"[1478191169, 163364, 13584, 8, 0, 18, 1, 255, 0, 255, 0, 0]",1
"[1478191169, 163604, 784, 8, 1, 8, 0, 255, 128, 8, 16, 214]",1
"[1478191169, 163837, 4880, 8, 238, 247, 0, 0, 147, 247, 16, 200]",1
"[1478191169, 169311, 24880, 8, 80, 34, 70, 144, 34, 18, 0, 71]",1
"[1478191169, 170005, 2592, 8, 6, 0, 88, 209, 105, 32, 219, 0]",1
"[1478191169, 170233, 24880, 8, 84, 146, 66, 255, 146, 66, 0, 255]",-1
"[1478191169, 170477, 37424, 8, 192, 187, 231, 65, 17, 2, 0, 65]",1
"[1478191169, 170705, 24880, 8, 84, 146, 66, 255, 146, 66, 0, 255]",-1
"[1478191169, 170961, 1840, 8, 0, 2, 0, 0, 0, 0, 0, 0]",1
"[1478191169, 171201, 62272, 8, 0, 4, 6, 255, 23, 138, 128, 0]",1
"[1478191169, 177316, 1328, 8, 80, 2, 66, 134, 55, 0, 0, 161]",1
"[1478191169, 177536, 24880, 8, 84, 146, 66, 255, 146, 66, 0, 255]",-1
"[1478191169, 178598, 24880, 8, 84, 146, 66, 255, 146, 66, 0, 255]",-1
"[1478191169, 179218, 24880, 8, 80, 34, 70, 144, 34, 18, 0, 71]",1
"[1478191169, 179460, 63504, 8, 239, 116, 0, 0, 0, 195, 0, 0]",1
"[1478191169, 183336, 13584, 8, 0, 18, 1, 255, 0, 255, 0, 0]",1
"[1478191169, 188753, 24880, 8, 84, 146, 66, 255, 146, 66, 0, 255]",-1
"[1478191169, 189529, 24880, 8, 80, 34, 70, 144, 34, 18, 0, 71]",1
"[1478191169, 199910, 1568, 8, 161, 34, 34, 3, 255, 248, 246, 194]",1
"[1478191169, 200371, 24880, 8, 84, 146, 66, 255, 146, 66, 0, 255]",-1
"[1478191169, 200615, 37424, 8, 192, 187, 231, 65, 17, 2, 0, 65]",1
"[1478191169, 200865, 1840, 8, 0, 2, 0, 0, 0, 0, 0, 0]",1
"[1478191169, 201105, 62272, 8, 0, 4, 6, 255, 23, 74, 128, 0]",1
"[1478191169, 201582, 1088, 8, 255, 0, 0, 0, 255, 74, 128, 0]",1
"[1478191169, 206865, 24880, 8, 84, 146, 66, 255, 146, 66, 0, 255]",-1
"[1478191169, 207231, 1328, 8, 80, 2, 69, 134, 55, 0, 0, 166]",1
"[1478191169, 208041, 24880, 8, 84, 146, 66, 255, 146, 66, 0, 255]",-1
"[1478191169, 209208, 24880, 8, 84, 146, 66, 255, 146, 66, 0, 255]",-1
"[1478191169, 209452, 63504, 8, 239, 116, 0, 0, 0, 195, 0, 0]",1
"[1478191169, 209679, 1568, 8, 161, 34, 34, 3, 255, 248, 246, 211]",1
"[1478191169, 209911, 2592, 8, 6, 0, 88, 209, 105, 32, 219, 0]",1
"[1478191169, 210147, 24880, 8, 80, 34, 70, 144, 34, 18, 0, 71]",1
"[1478191169, 210367, 24880, 8, 84, 146, 66, 255, 146, 66, 0, 255]",-1
"[1478191169, 210608, 37424, 8, 192, 187, 231, 65, 17, 2, 0, 65]",1
"[1478191169, 210858, 1840, 8, 0, 2, 0, 0, 0, 0, 0, 0]",1
"[1478191169, 211099, 62272, 8, 0, 4, 6, 255, 23, 74, 128, 0]",1
"[1478191169, 211343, 1088, 8, 255, 0, 0, 0, 255, 74, 128, 0]",1
"[1478191169, 211569, 24880, 8, 84, 146, 66, 255, 146, 66, 0, 255]",-1
"[1478191169, 215761, 24880, 8, 84, 146, 66, 255, 146, 66, 0, 255]",-1
"[1478191169, 216079, 24880, 8, 84, 146, 66, 255, 146, 66, 0, 255]",-1
"[1478191169, 217179, 1328, 8, 80, 2, 70, 134, 55, 0, 0, 165]",1
"[1478191169, 221773, 24880, 8, 84, 146, 66, 255, 146, 66, 0, 255]",-1
"[1478191169, 227402, 24880, 8, 84, 146, 66, 255, 146, 66, 0, 255]",-1
"[1478191169, 228502, 24880, 8, 84, 146, 66, 255, 146, 66, 0, 255]",-1
"[1478191169, 229286, 24880, 8, 80, 34, 70, 144, 34, 18, 0, 71]",1
"[1478191169, 229523, 63504, 8, 239, 116, 0, 0, 0, 195, 0, 0]",1
"[1478191169, 229752, 1568, 8, 161, 34, 34, 3, 255, 248, 246, 177]",1
"[1478191169, 229985, 2592, 8, 2, 0, 88, 209, 105, 32, 219, 0]",1
"[1478191169, 230211, 24880, 8, 84, 146, 66, 255, 146, 66, 0, 255]",-1
"[1478191169, 230453, 37424, 8, 4, 187, 231, 65, 17, 2, 0, 65]",1
"[1478191169, 230703, 1840, 8, 0, 2, 0, 0, 0, 0, 0, 0]",1
"[1478191169, 230929, 24880, 8, 84, 146, 66, 255, 146, 66, 0, 255]",-1
"[1478191169, 235257, 3104, 8, 81, 0, 0, 0, 0, 0, 0, 0]",1
"[1478191169, 240803, 1840, 8, 0, 2, 0, 0, 0, 0, 0, 0]",1
"[1478191169, 241279, 62272, 8, 0, 4, 6, 255, 39, 74, 128, 0]",1
"[1478191169, 241521, 1088, 8, 255, 0, 0, 0, 255, 74, 128, 0]",1
"[1478191169, 247202, 1328, 8, 80, 2, 73, 134, 55, 0, 0, 170]",1
"[1478191169, 247789, 24880, 8, 84, 146, 66, 255, 146, 66, 0, 255]",-1
"[1478191169, 248916, 24880, 8, 84, 146, 66, 255, 146, 66, 0, 255]",-1
"[1478191169, 253103, 832, 8, 0, 0, 0, 0, 0, 0, 0, 0]",1
"[1478191169, 253347, 6976, 8, 0, 0, 0, 0, 0, 0, 0, 0]",1
"[1478191169, 253594, 7952, 8, 128, 0, 0, 0, 0, 0, 0, 0]",1
"[1478191169, 253831, 13584, 8, 0, 18, 1, 255, 0, 255, 0, 0]",1
"[1478191169, 254075, 8192, 8, 0, 0, 0, 0, 0, 144, 160, 236]",1
"[1478191169, 254303, 24880, 8, 84, 146, 66, 255, 146, 66, 0, 255]",-1
"[1478191169, 254561, 3904, 8, 0, 0, 0, 8, 0, 118, 29, 49]",1
"[1478191169, 254793, 784, 8, 224, 8, 0, 255, 177, 8, 160, 232]",1
"[1478191169, 255027, 4880, 8, 144, 8, 0, 0, 82, 247, 160, 108]",1
"[1478191169, 255269, 1040, 8, 0, 0, 0, 0, 97, 34, 162, 250]",1
"[1478191169, 256069, 24880, 8, 84, 146, 66, 255, 146, 66, 0, 255]",-1
"[1478191169, 256970, 24880, 8, 84, 146, 66, 255, 146, 66, 0, 255]",-1
"[1478191169, 257211, 1328, 8, 80, 2, 74, 134, 55, 0, 0, 169]",1
"[1478191169, 267125, 24880, 8, 84, 146, 66, 255, 146, 66, 0, 255]",-1
"[1478191169, 267364, 1328, 8, 80, 2, 75, 134, 55, 0, 0, 168]",1
"[1478191169, 268286, 24880, 8, 84, 146, 66, 255, 146, 66, 0, 255]",-1
"[1478191169, 269233, 24880, 8, 80, 34, 134, 144, 34, 18, 0, 71]",1
"[1478191169, 269471, 63504, 8, 239, 116, 0, 0, 0, 195, 0, 0]",1
"[1478191169, 269706, 1568, 8, 161, 34, 34, 3, 255, 248, 230, 193]",1
"[1478191169, 269934, 2592, 8, 2, 0, 88, 209, 105, 32, 219, 0]",1
"[1478191169, 270159, 24880, 8, 84, 146, 66, 255, 146, 66, 0, 255]",-1
"[1478191169, 270401, 37424, 8, 4, 187, 231, 65, 17, 2, 0, 65]",1
"[1478191169, 270627, 24880, 8, 84, 146, 66, 255, 146, 66, 0, 255]",-1
"[1478191169, 270886, 1840, 8, 0, 2, 0, 0, 0, 0, 0, 0]",1
"[1478191169, 271128, 62272, 8, 0, 4, 6, 255, 39, 106, 128, 0]",1
"[1478191169, 275536, 24880, 8, 84, 146, 66, 255, 146, 66, 0, 255]",-1
"[1478191169, 275785, 3904, 8, 0, 0, 0, 8, 0, 118, 29, 49]",1
"[1478191169, 276279, 24880, 8, 84, 146, 66, 255, 146, 66, 0, 255]",-1
"[1478191169, 277227, 1328, 8, 80, 2, 76, 134, 55, 0, 0, 175]",1
"[1478191169, 277451, 24880, 8, 84, 146, 66, 255, 146, 66, 0, 255]",-1
"[1478191169, 278607, 24880, 8, 84, 146, 66, 255, 146, 66, 0, 255]",-1
"[1478191169, 279354, 24880, 8, 80, 34, 134, 144, 34, 18, 0, 71]",1
"[1478191169, 279593, 63504, 8, 239, 116, 0, 0, 0, 195, 0, 0]",1
"[1478191169, 279825, 1568, 8, 161, 34, 34, 3, 255, 248, 198, 242]",1
"[1478191169, 280059, 2592, 8, 4, 0, 88, 209, 105, 32, 219, 0]",1
"[1478191169, 280285, 24880, 8, 84, 146, 66, 255, 146, 66, 0, 255]",-1
"[1478191169, 283583, 784, 8, 48, 8, 0, 255, 210, 8, 208, 97]",1
"[1478191169, 283817, 4880, 8, 94, 247, 0, 0, 98, 247, 208, 187]",1
"[1478191169, 284291, 24880, 8, 84, 146, 66, 255, 146, 66, 0, 255]",-1
"[1478191169, 284608, 24880, 8, 84, 146, 66, 255, 146, 66, 0, 255]",-1
"[1478191169, 285221, 3104, 8, 81, 0, 0, 0, 0, 0, 0, 0]",1
"[1478191169, 285448, 24880, 8, 84, 146, 66, 255, 146, 66, 0, 255]",-1
"[1478191169, 286614, 24880, 8, 84, 146, 66, 255, 146, 66, 0, 255]",-1
"[1478191169, 287146, 1328, 8, 80, 2, 77, 134, 55, 0, 0, 174]",1
"[1478191169, 287773, 24880, 8, 84, 146, 66, 255, 146, 66, 0, 255]",-1
"[1478191169, 288938, 24880, 8, 84, 146, 66, 255, 146, 66, 0, 255]",-1
"[1478191169, 289210, 24880, 8, 80, 34, 134, 144, 34, 18, 0, 71]",1
"[1478191169, 289449, 63504, 8, 239, 116, 0, 0, 0, 195, 0, 0]",1
"[1478191169, 289677, 1568, 8, 161, 34, 34, 3, 255, 248, 198, 3]",1
"[1478191169, 289910, 2592, 8, 6, 0, 88, 209, 105, 32, 219, 0]",1
"[1478191169, 290136, 24880, 8, 84, 146, 66, 255, 146, 66, 0, 255]",-1
"[1478191169, 290378, 37424, 8, 4, 187, 231, 65, 17, 2, 0, 65]",1
"[1478191169, 290628, 1840, 8, 0, 2, 0, 0, 0, 0, 0, 0]",1
"[1478191169, 290869, 62272, 8, 0, 4, 6, 255, 39, 106, 128, 0]",1
"[1478191169, 291112, 1088, 8, 255, 0, 0, 0, 255, 106, 128, 0]",1
"[1478191169, 291339, 24880, 8, 84, 146, 66, 255, 146, 66, 0, 255]",-1
"[1478191169, 291591, 21584, 8, 141, 0, 0, 152, 0, 0, 0, 0]",1
"[1478191169, 294547, 3904, 8, 0, 0, 0, 8, 0, 118, 29, 49]",1
"[1478191169, 300036, 24880, 8, 80, 34, 134, 144, 34, 18, 0, 71]",1
"[1478191169, 305871, 24880, 8, 84, 146, 66, 255, 146, 66, 0, 255]",-1
"[1478191169, 307033, 24880, 8, 84, 146, 66, 255, 146, 66, 0, 255]",-1
"[1478191169, 307274, 1328, 8, 80, 2, 79, 134, 55, 0, 0, 172]",1
"[1478191169, 308192, 24880, 8, 84, 146, 66, 255, 146, 66, 0, 255]",-1
"[1478191169, 309210, 24880, 8, 80, 34, 134, 144, 34, 18, 0, 71]",1
"[1478191169, 309449, 63504, 8, 239, 116, 0, 0, 0, 195, 0, 0]",1
"[1478191169, 309684, 1568, 8, 161, 34, 34, 3, 255, 248, 198, 225]",1
"[1478191169, 309918, 2592, 8, 2, 0, 88, 209, 105, 32, 219, 0]",1
"[1478191169, 310143, 24880, 8, 84, 146, 66, 255, 146, 66, 0, 255]",-1
"[1478191169, 310384, 37424, 8, 120, 187, 231, 65, 17, 2, 0, 65]",1
"[1478191169, 313372, 6976, 8, 0, 0, 0, 0, 0, 0, 0, 0]",1
"[1478191169, 319325, 24880, 8, 80, 34, 134, 144, 34, 18, 0, 71]",1
"[1478191169, 319560, 63504, 8, 239, 116, 0, 0, 0, 195, 0, 0]",1
"[1478191169, 319791, 1568, 8, 161, 34, 34, 3, 255, 248, 198, 242]",1
"[1478191169, 325161, 24880, 8, 84, 146, 66, 255, 146, 66, 0, 255]",-1
"[1478191169, 330559, 1840, 8, 0, 2, 0, 0, 0, 0, 0, 0]",1
"[1478191169, 331024, 24880, 8, 84, 146, 66, 255, 146, 66, 0, 255]",-1
"[1478191169, 331276, 1088, 8, 255, 0, 0, 0, 255, 90, 128, 0]",1
"[1478191169, 331520, 21584, 8, 141, 0, 0, 152, 0, 0, 0, 0]",1
"[1478191169, 331975, 24880, 8, 84, 146, 66, 255, 146, 66, 0, 255]",-1
"[1478191169, 333119, 832, 8, 0, 0, 0, 0, 0, 0, 0, 0]",1
"[1478191169, 333340, 24880, 8, 84, 146, 66, 255, 146, 66, 0, 255]",-1
"[1478191169, 333598, 6976, 8, 0, 0, 0, 0, 0, 0, 0, 0]",1
"[1478191169, 333844, 7952, 8, 128, 0, 0, 0, 0, 0, 0, 0]",1
"[1478191169, 334083, 13584, 8, 0, 18, 1, 255, 0, 255, 0, 0]",1
"[1478191169, 334335, 8192, 8, 0, 0, 0, 0, 0, 0, 32, 3]",1
"[1478191169, 334561, 24880, 8, 84, 146, 66, 255, 146, 66, 0, 255]",-1
"[1478191169, 334810, 3904, 8, 0, 0, 0, 8, 0, 118, 29, 49]",1
"[1478191169, 335166, 3104, 8, 81, 0, 0, 0, 0, 0, 0, 0]",1
"[1478191169, 335466, 24880, 8, 84, 146, 66, 255, 146, 66, 0, 255]",-1
"[1478191169, 345156, 3104, 8, 81, 0, 0, 0, 0, 0, 0, 0]",1
"[1478191169, 350622, 1840, 8, 0, 2, 0, 0, 0, 0, 0, 0]",1
"[1478191169, 356014, 24880, 8, 84, 146, 66, 255, 146, 66, 0, 255]",-1
"[1478191169, 356893, 24880, 8, 84, 146, 66, 255, 146, 66, 0, 255]",-1
"[1478191169, 357269, 1328, 8, 80, 2, 68, 134, 55, 0, 0, 167]",1
"[1478191169, 358049, 24880, 8, 84, 146, 66, 255, 146, 66, 0, 255]",-1
"[1478191169, 359211, 24880, 8, 84, 146, 66, 255, 146, 66, 0, 255]",-1
"[1478191169, 359444, 24880, 8, 80, 34, 134, 144, 34, 18, 0, 71]",1
"[1478191169, 359683, 63504, 8, 239, 116, 0, 0, 0, 195, 0, 0]",1
"[1478191169, 359916, 1568, 8, 161, 34, 34, 3, 255, 248, 214, 226]",1
"[1478191169, 360150, 2592, 8, 4, 0, 88, 209, 105, 32, 219, 0]",1
"[1478191169, 360376, 24880, 8, 84, 146, 66, 255, 146, 66, 0, 255]",-1
"[1478191169, 360617, 37424, 8, 120, 187, 231, 65, 17, 2, 0, 65]",1
"[1478191169, 360866, 1840, 8, 0, 2, 0, 0, 0, 0, 0, 0]",1
"[1478191169, 361105, 62272, 8, 0, 4, 6, 255, 39, 154, 128, 0]",1
"[1478191169, 361347, 1088, 8, 255, 0, 0, 0, 255, 154, 128, 0]",1
"[1478191169, 361573, 24880, 8, 84, 146, 66, 255, 146, 66, 0, 255]",-1
"[1478191169, 361821, 21584, 8, 141, 0, 0, 120, 0, 0, 0, 0]",1
"[1478191169, 362695, 24880, 8, 84, 146, 66, 255, 146, 66, 0, 255]",-1
"[1478191169, 363114, 8192, 8, 0, 0, 0, 0, 0, 0, 80, 54]",1
"[1478191169, 363352, 13584, 8, 0, 18, 1, 255, 0, 255, 0, 0]",1
"[1478191169, 363604, 784, 8, 80, 8, 0, 255, 1, 8, 80, 8]",1
"[1478191169, 363828, 4880, 8, 238, 247, 0, 0, 34, 247, 80, 6]",1
"[1478191169, 364066, 1040, 8, 0, 0, 0, 0, 224, 50, 82, 196]",1
"[1478191169, 367327, 24880, 8, 84, 146, 66, 255, 146, 66, 0, 255]",-1
"[1478191169, 368361, 24880, 8, 84, 146, 66, 255, 146, 66, 0, 255]",-1
"[1478191169, 369111, 24880, 8, 80, 34, 70, 144, 34, 18, 0, 71]",1
"[1478191169, 369348, 63504, 8, 239, 116, 0, 0, 0, 195, 0, 0]",1
"[1478191169, 369580, 1568, 8, 161, 34, 34, 3, 255, 248, 214, 243]",1
"[1478191169, 369812, 2592, 8, 6, 0, 88, 209, 105, 32, 219, 0]",1
"[1478191169, 370039, 24880, 8, 84, 146, 66, 255, 146, 66, 0, 255]",-1
"[1478191169, 370278, 37424, 8, 120, 187, 231, 65, 17, 2, 0, 65]",1
"[1478191169, 370529, 1840, 8, 0, 2, 0, 0, 0, 0, 0, 0]",1
"[1478191169, 370756, 24880, 8, 84, 146, 66, 255, 146, 66, 0, 255]",-1
"[1478191169, 371003, 62272, 8, 0, 4, 6, 255, 39, 122, 128, 0]",1
"[1478191169, 371244, 1088, 8, 255, 0, 0, 0, 255, 122, 128, 0]",1
"[1478191169, 371483, 21584, 8, 141, 181, 0, 136, 0, 0, 0, 0]",1
"[1478191169, 371861, 24880, 8, 84, 146, 66, 255, 146, 66, 0, 255]",-1
"[1478191169, 373030, 24880, 8, 84, 146, 66, 255, 146, 66, 0, 255]",-1
"[1478191169, 373287, 832, 8, 0, 0, 0, 0, 0, 0, 0, 0]",1
"[1478191169, 373533, 6976, 8, 0, 0, 0, 0, 0, 0, 0, 0]",1
"[1478191169, 373780, 7952, 8, 128, 0, 0, 0, 0, 0, 0, 0]",1
"[1478191169, 374019, 13584, 8, 0, 18, 1, 255, 0, 255, 0, 0]",1
"[1478191169, 374272, 8192, 8, 0, 0, 0, 0, 0, 0, 96, 68]",1
"[1478191169, 374496, 24880, 8, 84, 146, 66, 255, 146, 66, 0, 255]",-1
"[1478191169, 378696, 24880, 8, 84, 146, 66, 255, 146, 66, 0, 255]",-1
"[1478191169, 379054, 24880, 8, 80, 34, 70, 144, 34, 18, 0, 71]",1
"[1478191169, 379301, 63504, 8, 239, 116, 0, 0, 0, 195, 0, 0]",1
"[1478191169, 379525, 1568, 8, 145, 34, 34, 3, 255, 248, 7, 176]",1
"[1478191169, 385325, 3104, 8, 81, 0, 0, 0, 0, 0, 0, 0]",1
"[1478191169, 385550, 24880, 8, 84, 146, 66, 255, 146, 66, 0, 255]",-1
"[1478191169, 386681, 24880, 8, 84, 146, 66, 255, 146, 66, 0, 255]",-1
"[1478191169, 387153, 1328, 8, 80, 2, 71, 134, 71, 0, 0, 212]",1
"[1478191169, 391173, 1088, 8, 255, 0, 0, 0, 255, 154, 128, 0]",1
"[1478191169, 391399, 24880, 8, 84, 146, 66, 255, 146, 66, 0, 255]",-1
"[1478191169, 391652, 21584, 8, 141, 0, 0, 152, 0, 0, 0, 0]",1
"[1478191169, 392352, 24880, 8, 84, 146, 66, 255, 146, 66, 0, 255]",-1
"[1478191169, 393107, 832, 8, 0, 0, 0, 0, 0, 0, 0, 0]",1
"[1478191169, 393355, 6976, 8, 0, 0, 0, 0, 0, 0, 0, 0]",1
"[1478191169, 393602, 7952, 8, 128, 0, 0, 0, 0, 0, 0, 0]",1
"[1478191169, 393838, 13584, 8, 0, 18, 1, 255, 0, 255, 0, 0]",1
"[1478191169, 394090, 8192, 8, 0, 0, 0, 0, 0, 0, 128, 46]",1
"[1478191169, 399185, 24880, 8, 84, 146, 66, 255, 146, 66, 0, 255]",-1
"[1478191169, 399429, 63504, 8, 239, 116, 0, 0, 0, 195, 0, 0]",1
"[1478191169, 399657, 1568, 8, 145, 34, 34, 3, 255, 248, 7, 210]",1
"[1478191169, 399892, 2592, 8, 4, 0, 88, 209, 105, 32, 219, 0]",1
"[1478191169, 400355, 37424, 8, 205, 187, 231, 65, 17, 2, 0, 65]",1
"[1478191169, 400581, 24880, 8, 84, 146, 66, 255, 146, 66, 0, 255]",-1
"[1478191169, 400839, 1840, 8, 0, 2, 0, 0, 0, 0, 0, 0]",1
"[1478191169, 401077, 62272, 8, 0, 4, 6, 255, 39, 186, 128, 0]",1
"[1478191169, 401547, 24880, 8, 84, 146, 66, 255, 146, 66, 0, 255]",-1
"[1478191169, 401792, 21584, 8, 141, 0, 0, 120, 0, 0, 0, 0]",1
"[1478191169, 402668, 24880, 8, 84, 146, 66, 255, 146, 66, 0, 255]",-1
"[1478191169, 407152, 1328, 8, 80, 2, 73, 134, 55, 0, 0, 170]",1
"[1478191169, 412812, 24880, 8, 84, 146, 66, 255, 146, 66, 0, 255]",-1
"[1478191169, 413111, 832, 8, 0, 0, 0, 0, 0, 0, 0, 0]",1
"[1478191169, 413357, 6976, 8, 0, 0, 0, 0, 0, 0, 0, 0]",1
"[1478191169, 419011, 24880, 8, 80, 34, 134, 144, 34, 18, 0, 71]",1
"[1478191169, 424437, 24880, 8, 84, 146, 66, 255, 146, 66, 0, 255]",-1
"[1478191169, 425282, 3104, 8, 81, 0, 0, 0, 0, 0, 0, 0]",1
"[1478191169, 425504, 24880, 8, 84, 146, 66, 255, 146, 66, 0, 255]",-1
"[1478191169, 426470, 24880, 8, 84, 146, 66, 255, 146, 66, 0, 255]",-1
"[1478191169, 427084, 1328, 8, 80, 2, 75, 134, 55, 0, 0, 168]",1
"[1478191169, 427629, 24880, 8, 84, 146, 66, 255, 146, 66, 0, 255]",-1
"[1478191169, 428758, 24880, 8, 84, 146, 66, 255, 146, 66, 0, 255]",-1
"[1478191169, 429051, 24880, 8, 80, 34, 134, 144, 34, 18, 0, 71]",1
"[1478191169, 429290, 63504, 8, 239, 116, 0, 0, 0, 195, 0, 0]",1
"[1478191169, 429518, 1568, 8, 161, 34, 34, 3, 255, 248, 214, 209]",1
"[1478191169, 429753, 2592, 8, 2, 0, 88, 209, 105, 32, 219, 0]",1
"[1478191169, 433092, 832, 8, 0, 0, 0, 0, 0, 0, 0, 0]",1
"[1478191169, 433316, 24880, 8, 84, 146, 66, 255, 146, 66, 0, 255]",-1
"[1478191169, 433572, 6976, 8, 0, 0, 0, 0, 0, 0, 0, 0]",1
"[1478191169, 433818, 7952, 8, 128, 0, 0, 0, 0, 0, 0, 0]",1
"[1478191169, 434057, 13584, 8, 0, 18, 1, 255, 0, 255, 0, 0]",1
"[1478191169, 434305, 8192, 8, 0, 0, 0, 0, 0, 16, 192, 173]",1
"[1478191169, 434786, 3904, 8, 0, 0, 0, 8, 0, 118, 29, 49]",1
"[1478191169, 435276, 3104, 8, 81, 0, 0, 0, 0, 0, 0, 0]",1
"[1478191169, 435571, 784, 8, 96, 8, 0, 255, 195, 8, 192, 138]",1
"[1478191169, 435809, 4880, 8, 47, 247, 0, 0, 178, 247, 192, 65]",1
"[1478191169, 436050, 1040, 8, 0, 0, 0, 0, 64, 34, 194, 175]",1
"[1478191169, 436277, 24880, 8, 84, 146, 66, 255, 146, 66, 0, 255]",-1
"[1478191169, 436798, 24880, 8, 84, 146, 66, 255, 146, 66, 0, 255]",-1
"[1478191169, 437165, 1328, 8, 80, 2, 76, 134, 55, 0, 0, 175]",1
"[1478191169, 442459, 24880, 8, 84, 146, 66, 255, 146, 66, 0, 255]",-1
"[1478191169, 443080, 8192, 8, 0, 0, 0, 0, 0, 16, 208, 124]",1
"[1478191169, 443316, 13584, 8, 0, 18, 1, 255, 0, 255, 0, 0]",1
"[1478191169, 443576, 784, 8, 112, 8, 0, 255, 68, 8, 208, 202]",1
"[1478191169, 443815, 4880, 8, 0, 8, 0, 0, 241, 247, 208, 211]",1
"[1478191169, 444055, 1040, 8, 0, 0, 0, 0, 96, 98, 210, 156]",1
"[1478191169, 444284, 24880, 8, 84, 146, 66, 255, 146, 66, 0, 255]",-1
"[1478191169, 444784, 24880, 8, 84, 146, 66, 255, 146, 66, 0, 255]",-1
"[1478191169, 445247, 3104, 8, 81, 0, 0, 0, 0, 0, 0, 0]",1
"[1478191169, 445925, 24880, 8, 84, 146, 66, 255, 146, 66, 0, 255]",-1
"[1478191169, 447047, 24880, 8, 84, 146, 66, 255, 146, 66, 0, 255]",-1
"[1478191169, 450228, 37424, 8, 205, 187, 231, 65, 17, 2, 0, 65]",1
"[1478191169, 455766, 24880, 8, 84, 146, 66, 255, 146, 66, 0, 255]",-1
"[1478191169, 456087, 24880, 8, 84, 146, 66, 255, 146, 66, 0, 255]",-1
"[1478191169, 457078, 1328, 8, 80, 2, 78, 134, 55, 0, 0, 173]",1
"[1478191169, 457298, 24880, 8, 84, 146, 66, 255, 146, 66, 0, 255]",-1
"[1478191169, 458392, 24880, 8, 84, 146, 66, 255, 146, 66, 0, 255]",-1
"[1478191169, 458972, 24880, 8, 80, 34, 134, 144, 34, 18, 0, 71]",1
"[1478191169, 462916, 24880, 8, 84, 146, 66, 255, 146, 66, 0, 255]",-1
"[1478191169, 463171, 8192, 8, 0, 0, 0, 0, 0, 16, 240, 223]",1
"[1478191169, 463407, 13584, 8, 0, 18, 1, 255, 0, 255, 0, 0]",1
"[1478191169, 463648, 784, 8, 160, 8, 0, 255, 129, 8, 240, 32]",1
"[1478191169, 463888, 4880, 8, 80, 8, 0, 0, 96, 247, 240, 138]",1
"[1478191169, 464130, 1040, 8, 0, 0, 0, 0, 160, 2, 242, 196]",1
"[1478191169, 464357, 24880, 8, 84, 146, 66, 255, 146, 66, 0, 255]",-1
"[1478191169, 464617, 2400, 8, 0, 0, 0, 0, 10, 32, 0, 0]",1
"[1478191169, 465064, 3104, 8, 81, 0, 0, 0, 0, 0, 0, 0]",1
"[1478191169, 465291, 24880, 8, 84, 146, 66, 255, 146, 66, 0, 255]",-1
"[1478191169, 465815, 2560, 8, 213, 72, 134, 144, 0, 241, 32, 0]",1
"[1478191169, 466054, 6656, 8, 8, 88, 0, 0, 66, 0, 0, 0]",1
"[1478191169, 466425, 24880, 8, 84, 146, 66, 255, 146, 66, 0, 255]",-1
"[1478191169, 467078, 1328, 8, 80, 2, 79, 134, 55, 0, 0, 172]",1
"[1478191169, 467589, 24880, 8, 84, 146, 66, 255, 146, 66, 0, 255]",-1
"[1478191169, 468734, 24880, 8, 84, 146, 66, 255, 146, 66, 0, 255]",-1
"[1478191169, 469012, 24880, 8, 80, 34, 70, 144, 34, 18, 0, 71]",1
"[1478191169, 469252, 63504, 8, 239, 116, 0, 0, 0, 195, 0, 0]",1
"[1478191169, 473116, 832, 8, 0, 0, 0, 0, 0, 0, 0, 0]",1
"[1478191169, 473597, 6976, 8, 0, 0, 0, 0, 0, 0, 0, 0]",1
"[1478191169, 473844, 7952, 8, 128, 0, 0, 0, 0, 0, 0, 0]",1
"[1478191169, 474083, 13584, 8, 0, 18, 1, 255, 0, 255, 0, 0]",1
"[1478191169, 474334, 8192, 8, 0, 0, 0, 0, 0, 16, 0, 100]",1
"[1478191169, 474810, 3904, 8, 0, 0, 0, 8, 0, 118, 29, 49]",1
"[1478191169, 475063, 3104, 8, 81, 0, 0, 0, 0, 0, 0, 0]",1
"[1478191169, 475571, 784, 8, 112, 8, 0, 255, 34, 8, 0, 135]",1
"[1478191169, 475808, 4880, 8, 127, 247, 0, 0, 225, 247, 0, 209]",1
"[1478191169, 476054, 1040, 8, 0, 0, 0, 0, 192, 2, 2, 47]",1
"[1478191169, 476280, 24880, 8, 84, 146, 66, 255, 146, 66, 0, 255]",-1
"[1478191169, 476749, 24880, 8, 84, 146, 66, 255, 146, 66, 0, 255]",-1
"[1478191169, 477208, 1328, 8, 80, 2, 64, 134, 55, 0, 0, 163]",1
"[1478191169, 477909, 24880, 8, 84, 146, 66, 255, 146, 66, 0, 255]",-1
"[1478191169, 479076, 24880, 8, 84, 146, 66, 255, 146, 66, 0, 255]",-1
"[1478191169, 479309, 24880, 8, 80, 34, 70, 144, 34, 18, 0, 71]",1
"[1478191169, 479546, 63504, 8, 239, 116, 0, 0, 0, 195, 0, 0]",1
"[1478191169, 479775, 1568, 8, 145, 34, 34, 3, 255, 248, 39, 178]",1
"[1478191169, 480016, 2592, 8, 4, 0, 88, 209, 105, 32, 219, 0]",1
"[1478191169, 480237, 24880, 8, 84, 146, 66, 255, 146, 66, 0, 255]",-1
"[1478191169, 480479, 37424, 8, 192, 187, 231, 65, 17, 2, 0, 65]",1
"[1478191169, 480731, 1840, 8, 0, 2, 0, 0, 0, 0, 0, 0]",1
"[1478191169, 480967, 62272, 8, 0, 4, 6, 255, 39, 58, 128, 0]",1
"[1478191169, 481208, 1088, 8, 255, 0, 0, 0, 255, 58, 128, 0]",1
"[1478191169, 481436, 24880, 8, 84, 146, 66, 255, 146, 66, 0, 255]",-1
"[1478191169, 481686, 21584, 8, 141, 0, 0, 168, 0, 0, 0, 0]",1
"[1478191169, 482586, 24880, 8, 84, 146, 66, 255, 146, 66, 0, 255]",-1
"[1478191169, 483110, 8192, 8, 0, 0, 0, 0, 0, 16, 16, 181]",1
"[1478191169, 483347, 13584, 8, 0, 18, 1, 255, 0, 255, 0, 0]",1
"[1478191169, 483587, 784, 8, 128, 8, 0, 255, 115, 8, 16, 138]",1
"[1478191169, 487073, 24880, 8, 84, 146, 66, 255, 146, 66, 0, 255]",-1
"[1478191169, 492709, 24880, 8, 84, 146, 66, 255, 146, 66, 0, 255]",-1
"[1478191169, 498360, 24880, 8, 84, 146, 66, 255, 146, 66, 0, 255]",-1
"[1478191169, 499038, 24880, 8, 80, 34, 70, 144, 34, 18, 0, 71]",1
"[1478191169, 499297, 63504, 8, 239, 116, 0, 0, 0, 195, 0, 0]",1
"[1478191169, 499507, 1568, 8, 145, 34, 34, 3, 255, 248, 39, 144]",1
"[1478191169, 499744, 2592, 8, 0, 0, 88, 209, 105, 32, 219, 0]",1
"[1478191169, 499972, 24880, 8, 84, 146, 66, 255, 146, 66, 0, 255]",-1
"[1478191169, 500215, 37424, 8, 192, 187, 231, 65, 17, 2, 0, 65]",1
"[1478191169, 500459, 62272, 8, 0, 4, 6, 255, 39, 138, 128, 0]",1
"[1478191169, 500682, 24880, 8, 84, 146, 66, 255, 146, 66, 0, 255]",-1
"[1478191169, 500937, 1840, 8, 0, 2, 0, 0, 0, 0, 0, 0]",1
"[1478191169, 506327, 24880, 8, 84, 146, 66, 255, 146, 66, 0, 255]",-1
"[1478191169, 507061, 1328, 8, 80, 2, 67, 134, 55, 0, 0, 160]",1
"[1478191169, 507487, 24880, 8, 84, 146, 66, 255, 146, 66, 0, 255]",-1
"[1478191169, 508649, 24880, 8, 84, 146, 66, 255, 146, 66, 0, 255]",-1
"[1478191169, 508990, 24880, 8, 80, 34, 70, 144, 34, 18, 0, 71]",1
"[1478191169, 509228, 63504, 8, 239, 116, 0, 0, 0, 195, 0, 0]",1
"[1478191169, 509457, 1568, 8, 145, 34, 34, 3, 255, 248, 39, 161]",1
"[1478191169, 509691, 2592, 8, 2, 0, 88, 209, 105, 32, 219, 0]",1
"[1478191169, 509920, 24880, 8, 84, 146, 66, 255, 146, 66, 0, 255]",-1
"[1478191169, 510162, 37424, 8, 192, 187, 231, 65, 17, 2, 0, 65]",1
"[1478191169, 510412, 1840, 8, 0, 2, 0, 0, 0, 0, 0, 0]",1
"[1478191169, 510651, 62272, 8, 0, 4, 6, 255, 39, 154, 128, 0]",1
"[1478191169, 510893, 1088, 8, 255, 0, 0, 0, 255, 154, 128, 0]",1
"[1478191169, 511119, 24880, 8, 84, 146, 66, 255, 146, 66, 0, 255]",-1
"[1478191169, 511366, 21584, 8, 141, 0, 0, 120, 0, 0, 0, 0]",1
"[1478191169, 512122, 24880, 8, 84, 146, 66, 255, 146, 66, 0, 255]",-1
"[1478191169, 513104, 832, 8, 0, 0, 0, 0, 0, 0, 0, 0]",1
"[1478191169, 513330, 24880, 8, 84, 146, 66, 255, 146, 66, 0, 255]",-1
"[1478191169, 513586, 6976, 8, 0, 0, 0, 0, 0, 0, 0, 0]",1
"[1478191169, 516634, 24880, 8, 84, 146, 66, 255, 146, 66, 0, 255]",-1
"[1478191169, 517118, 1328, 8, 80, 2, 68, 134, 55, 0, 0, 167]",1
"[1478191169, 517797, 24880, 8, 84, 146, 66, 255, 146, 66, 0, 255]",-1
"[1478191169, 518963, 24880, 8, 84, 146, 66, 255, 146, 66, 0, 255]",-1
"[1478191169, 519199, 24880, 8, 80, 34, 134, 144, 34, 18, 0, 71]",1
"[1478191169, 519437, 63504, 8, 239, 116, 0, 0, 0, 195, 0, 0]",1
"[1478191169, 519665, 1568, 8, 145, 34, 34, 3, 255, 248, 39, 178]",1
"[1478191169, 519906, 2592, 8, 4, 0, 88, 209, 105, 32, 219, 0]",1
"[1478191169, 520136, 37424, 8, 192, 187, 231, 65, 17, 2, 0, 65]",1
"[1478191169, 520362, 24880, 8, 84, 146, 66, 255, 146, 66, 0, 255]",-1
"[1478191169, 520619, 1840, 8, 0, 2, 0, 0, 0, 0, 0, 0]",1
"[1478191169, 520856, 62272, 8, 0, 4, 6, 255, 39, 90, 128, 0]",1
"[1478191169, 521100, 1088, 8, 255, 0, 0, 0, 255, 90, 128, 0]",1
"[1478191169, 521326, 24880, 8, 84, 146, 66, 255, 146, 66, 0, 255]",-1
"[1478191169, 525790, 24880, 8, 84, 146, 66, 255, 146, 66, 0, 255]",-1
"[1478191169, 526955, 24880, 8, 84, 146, 66, 255, 146, 66, 0, 255]",-1
"[1478191169, 527192, 1328, 8, 80, 2, 69, 134, 55, 0, 0, 166]",1
"[1478191169, 528093, 24880, 8, 84, 146, 66, 255, 146, 66, 0, 255]",-1
"[1478191169, 529008, 24880, 8, 80, 34, 134, 144, 34, 18, 0, 71]",1
"[1478191169, 529221, 63504, 8, 239, 116, 0, 0, 0, 195, 0, 0]",1
"[1478191169, 532612, 24880, 8, 84, 146, 66, 255, 146, 66, 0, 255]",-1
"[1478191169, 533097, 832, 8, 0, 0, 0, 0, 0, 0, 0, 0]",1
"[1478191169, 533342, 6976, 8, 0, 0, 0, 0, 0, 0, 0, 0]",1
"[1478191169, 538976, 24880, 8, 80, 34, 134, 144, 34, 18, 0, 71]",1
"[1478191169, 539217, 63504, 8, 239, 116, 0, 0, 0, 195, 0, 0]",1
"[1478191169, 539439, 1568, 8, 145, 34, 34, 3, 255, 248, 246, 176]",1
"[1478191169, 539676, 2592, 8, 0, 0, 88, 209, 105, 32, 219, 0]",1
"[1478191169, 544984, 3104, 8, 81, 0, 0, 0, 0, 0, 0, 0]",1
"[1478191169, 545207, 24880, 8, 84, 146, 66, 255, 146, 66, 0, 255]",-1
"[1478191169, 546252, 24880, 8, 84, 146, 66, 255, 146, 66, 0, 255]",-1
"[1478191169, 547045, 1328, 8, 80, 2, 71, 134, 55, 0, 0, 164]",1
"[1478191169, 547416, 24880, 8, 84, 146, 66, 255, 146, 66, 0, 255]",-1
"[1478191169, 548580, 24880, 8, 84, 146, 66, 255, 146, 66, 0, 255]",-1
"[1478191169, 548955, 24880, 8, 80, 34, 134, 144, 34, 18, 0, 71]",1
"[1478191169, 549194, 63504, 8, 239, 116, 0, 0, 0, 195, 0, 0]",1
"[1478191169, 549422, 1568, 8, 145, 34, 34, 3, 255, 248, 246, 193]",1
"[1478191169, 549659, 2592, 8, 2, 0, 88, 209, 105, 32, 219, 0]",1
"[1478191169, 549883, 24880, 8, 84, 146, 66, 255, 146, 66, 0, 255]",-1
"[1478191169, 550126, 37424, 8, 4, 187, 231, 65, 17, 2, 0, 65]",1
"[1478191169, 550374, 1840, 8, 0, 2, 0, 0, 0, 0, 0, 0]",1
"[1478191169, 550617, 62272, 8, 0, 4, 6, 255, 23, 138, 128, 0]",1
"[1478191169, 550863, 1088, 8, 255, 0, 0, 0, 255, 138, 128, 0]",1
"[1478191169, 551089, 24880, 8, 84, 146, 66, 255, 146, 66, 0, 255]",-1
"[1478191169, 551340, 21584, 8, 141, 0, 0, 136, 0, 0, 0, 0]",1
"[1478191169, 552088, 24880, 8, 84, 146, 66, 255, 146, 66, 0, 255]",-1
"[1478191169, 553088, 832, 8, 0, 0, 0, 0, 0, 0, 0, 0]",1
"[1478191169, 553311, 24880, 8, 84, 146, 66, 255, 146, 66, 0, 255]",-1
"[1478191169, 553566, 6976, 8, 0, 0, 0, 0, 0, 0, 0, 0]",1
"[1478191169, 553812, 7952, 8, 128, 0, 0, 0, 0, 0, 0, 0]",1
"[1478191169, 554050, 13584, 8, 0, 18, 1, 255, 0, 255, 0, 0]",1
"[1478191169, 554299, 8192, 8, 0, 0, 0, 0, 0, 48, 128, 99]",1
"[1478191169, 554523, 24880, 8, 84, 146, 66, 255, 146, 66, 0, 255]",-1
"[1478191169, 554773, 3904, 8, 0, 0, 0, 8, 0, 118, 29, 49]",1
"[1478191169, 555159, 3104, 8, 81, 0, 0, 0, 0, 0, 0, 0]",1
"[1478191169, 555537, 24880, 8, 84, 146, 66, 255, 146, 66, 0, 255]",-1
"[1478191169, 555792, 784, 8, 224, 8, 0, 255, 2, 8, 128, 193]",1
"[1478191169, 556028, 4880, 8, 224, 8, 0, 0, 209, 247, 128, 101]",1
"[1478191169, 556270, 1040, 8, 0, 0, 0, 0, 32, 49, 130, 96]",1
"[1478191169, 556658, 24880, 8, 84, 146, 66, 255, 146, 66, 0, 255]",-1
"[1478191169, 557110, 1328, 8, 80, 2, 72, 134, 55, 0, 0, 171]",1
"[1478191169, 558911, 24880, 8, 84, 146, 66, 255, 146, 66, 0, 255]",-1
"[1478191169, 569889, 24880, 8, 84, 146, 66, 255, 146, 66, 0, 255]",-1
"[1478191169, 570132, 37424, 8, 4, 187, 231, 65, 17, 2, 0, 65]",1
"[1478191169, 575767, 24880, 8, 84, 146, 66, 255, 146, 66, 0, 255]",-1
"[1478191169, 576084, 24880, 8, 84, 146, 66, 255, 146, 66, 0, 255]",-1
"[1478191169, 577064, 1328, 8, 80, 2, 74, 134, 55, 0, 0, 169]",1
"[1478191169, 577287, 24880, 8, 84, 146, 66, 255, 146, 66, 0, 255]",-1
"[1478191169, 578239, 24880, 8, 84, 146, 66, 255, 146, 66, 0, 255]",-1
"[1478191169, 578964, 24880, 8, 80, 34, 198, 144, 34, 18, 0, 71]",1
"[1478191169, 579204, 63504, 8, 239, 116, 0, 0, 0, 195, 0, 0]",1
"[1478191169, 579430, 1568, 8, 145, 34, 34, 3, 255, 248, 246, 176]",1
"[1478191169, 579666, 2592, 8, 0, 0, 88, 209, 105, 32, 219, 0]",1
"[1478191169, 579892, 24880, 8, 84, 146, 66, 255, 146, 66, 0, 255]",-1
"[1478191169, 580135, 37424, 8, 4, 187, 231, 65, 17, 2, 0, 65]",1
"[1478191169, 580384, 1840, 8, 0, 2, 0, 0, 0, 0, 0, 0]",1
"[1478191169, 580611, 24880, 8, 84, 146, 66, 255, 146, 66, 0, 255]",-1
"[1478191169, 580861, 62272, 8, 0, 4, 6, 255, 23, 138, 128, 0]",1
"[1478191169, 581104, 1088, 8, 255, 0, 0, 0, 255, 138, 128, 0]",1
"[1478191169, 585086, 24880, 8, 84, 146, 66, 255, 146, 66, 0, 255]",-1
"[1478191169, 585338, 3104, 8, 81, 0, 0, 0, 0, 0, 0, 0]",1
"[1478191169, 586245, 24880, 8, 84, 146, 66, 255, 146, 66, 0, 255]",-1
"[1478191169, 587086, 1328, 8, 80, 2, 75, 134, 55, 0, 0, 168]",1
"[1478191169, 587405, 24880, 8, 84, 146, 66, 255, 146, 66, 0, 255]",-1
"[1478191169, 588558, 24880, 8, 84, 146, 66, 255, 146, 66, 0, 255]",-1
"[1478191169, 588936, 24880, 8, 80, 34, 198, 144, 34, 18, 0, 71]",1
"[1478191169, 589175, 63504, 8, 239, 116, 0, 0, 0, 195, 0, 0]",1
"[1478191169, 589405, 1568, 8, 145, 34, 34, 3, 255, 248, 246, 193]",1
"[1478191169, 589637, 2592, 8, 2, 0, 88, 209, 105, 32, 219, 0]",1
"[1478191169, 593096, 832, 8, 0, 0, 0, 0, 0, 0, 0, 0]",1
"[1478191169, 593319, 24880, 8, 84, 146, 66, 255, 146, 66, 0, 255]",-1
"[1478191169, 598714, 24880, 8, 84, 146, 66, 255, 146, 66, 0, 255]",-1
"[1478191169, 599094, 24880, 8, 80, 34, 198, 144, 34, 18, 0, 71]",1
"[1478191169, 599330, 63504, 8, 239, 116, 0, 0, 0, 195, 0, 0]",1
"[1478191169, 605125, 3104, 8, 81, 0, 0, 0, 0, 0, 0, 0]",1
"[1478191169, 605542, 24880, 8, 84, 146, 66, 255, 146, 66, 0, 255]",-1
"[1478191169, 606710, 24880, 8, 84, 146, 66, 255, 146, 66, 0, 255]",-1
"[1478191169, 607069, 1328, 8, 80, 2, 77, 134, 55, 0, 0, 174]",1
"[1478191169, 607852, 24880, 8, 84, 146, 66, 255, 146, 66, 0, 255]",-1
"[1478191169, 608979, 24880, 8, 84, 146, 66, 255, 146, 66, 0, 255]",-1
"[1478191169, 609228, 63504, 8, 239, 116, 0, 0, 0, 195, 0, 0]",1
"[1478191169, 609459, 1568, 8, 145, 34, 34, 3, 255, 248, 246, 227]",1
"[1478191169, 609691, 2592, 8, 6, 0, 88, 209, 105, 32, 219, 0]",1
"[1478191169, 609920, 24880, 8, 80, 34, 198, 144, 34, 18, 0, 71]",1
"[1478191169, 613092, 832, 8, 0, 0, 0, 0, 0, 0, 0, 0]",1
"[1478191169, 613339, 6976, 8, 0, 0, 0, 0, 0, 0, 0, 0]",1
"[1478191169, 613587, 7952, 8, 128, 0, 0, 0, 0, 0, 0, 0]",1
"[1478191169, 613823, 13584, 8, 0, 18, 1, 255, 0, 255, 0, 0]",1
"[1478191169, 614067, 8192, 8, 0, 0, 0, 0, 0, 48, 224, 135]",1
"[1478191169, 619141, 63504, 8, 239, 116, 0, 0, 0, 195, 0, 0]",1
"[1478191169, 619369, 1568, 8, 145, 34, 34, 3, 255, 248, 246, 176]",1
"[1478191169, 624843, 24880, 8, 84, 146, 66, 255, 146, 66, 0, 255]",-1
"[1478191169, 625133, 3104, 8, 81, 0, 0, 0, 0, 0, 0, 0]",1
"[1478191169, 626009, 24880, 8, 84, 146, 66, 255, 146, 66, 0, 255]",-1
"[1478191169, 627003, 1328, 8, 80, 2, 79, 134, 55, 0, 0, 172]",1
"[1478191169, 627228, 24880, 8, 84, 146, 66, 255, 146, 66, 0, 255]",-1
"[1478191169, 628276, 24880, 8, 84, 146, 66, 255, 146, 66, 0, 255]",-1
"[1478191169, 631663, 24880, 8, 84, 146, 66, 255, 146, 66, 0, 255]",-1
"[1478191169, 632834, 24880, 8, 84, 146, 66, 255, 146, 66, 0, 255]",-1
"[1478191169, 633090, 832, 8, 0, 0, 0, 0, 0, 0, 0, 0]",1
"[1478191169, 633336, 6976, 8, 0, 0, 0, 0, 0, 0, 0, 0]",1
"[1478191169, 633584, 7952, 8, 128, 0, 0, 0, 0, 0, 0, 0]",1
"[1478191169, 633823, 13584, 8, 0, 18, 1, 255, 0, 255, 0, 0]",1
"[1478191169, 634070, 8192, 8, 0, 0, 0, 0, 0, 48, 0, 237]",1
"[1478191169, 634298, 24880, 8, 84, 146, 66, 255, 146, 66, 0, 255]",-1
"[1478191169, 634548, 3904, 8, 0, 0, 0, 8, 0, 118, 29, 49]",1
"[1478191169, 634785, 784, 8, 208, 8, 0, 255, 84, 8, 0, 172]",1
"[1478191169, 635027, 4880, 8, 238, 247, 0, 0, 227, 247, 0, 177]",1
"[1478191169, 635271, 1040, 8, 0, 0, 0, 0, 33, 51, 2, 56]",1
"[1478191169, 635520, 3104, 8, 81, 0, 0, 0, 0, 0, 0, 0]",1
"[1478191169, 635748, 24880, 8, 84, 146, 66, 255, 146, 66, 0, 255]",-1
"[1478191169, 636337, 24880, 8, 84, 146, 66, 255, 146, 66, 0, 255]",-1
"[1478191169, 637007, 1328, 8, 80, 2, 64, 134, 55, 0, 0, 163]",1
"[1478191169, 637496, 24880, 8, 84, 146, 66, 255, 146, 66, 0, 255]",-1
"[1478191169, 638658, 24880, 8, 84, 146, 66, 255, 146, 66, 0, 255]",-1
"[1478191169, 639044, 24880, 8, 80, 34, 71, 144, 34, 18, 0, 71]",1
"[1478191169, 639283, 63504, 8, 239, 116, 0, 0, 0, 195, 0, 0]",1
"[1478191169, 639512, 1568, 8, 145, 34, 34, 3, 255, 248, 246, 210]",1
"[1478191169, 639750, 2592, 8, 4, 0, 88, 209, 105, 32, 219, 0]",1
"[1478191169, 639972, 24880, 8, 84, 146, 66, 255, 146, 66, 0, 255]",-1
"[1478191169, 640212, 37424, 8, 120, 187, 231, 65, 17, 2, 0, 65]",1
"[1478191169, 640462, 1840, 8, 0, 2, 0, 0, 0, 0, 0, 0]",1
"[1478191169, 643771, 784, 8, 160, 8, 0, 255, 212, 8, 16, 85]",1
"[1478191169, 649267, 63504, 8, 239, 116, 0, 0, 0, 195, 0, 0]",1
"[1478191169, 649499, 1568, 8, 145, 34, 34, 3, 255, 248, 246, 227]",1
"[1478191169, 649959, 24880, 8, 84, 146, 66, 255, 146, 66, 0, 255]",-1
"[1478191169, 650199, 37424, 8, 120, 187, 231, 65, 17, 2, 0, 65]",1
"[1478191169, 650448, 1840, 8, 0, 2, 0, 0, 0, 0, 0, 0]",1
"[1478191169, 650691, 62272, 8, 0, 4, 6, 255, 23, 234, 128, 0]",1
"[1478191169, 651161, 24880, 8, 84, 146, 66, 255, 146, 66, 0, 255]",-1
"[1478191169, 651414, 21584, 8, 141, 0, 0, 136, 0, 0, 0, 0]",1
"[1478191169, 652288, 24880, 8, 84, 146, 66, 255, 146, 66, 0, 255]",-1
"[1478191169, 653081, 832, 8, 0, 0, 0, 0, 0, 0, 0, 0]",1
"[1478191169, 653322, 6976, 8, 0, 0, 0, 0, 0, 0, 0, 0]",1
"[1478191169, 653570, 7952, 8, 128, 0, 0, 0, 0, 0, 0, 0]",1
"[1478191169, 657973, 24880, 8, 84, 146, 66, 255, 146, 66, 0, 255]",-1
"[1478191169, 658946, 24880, 8, 80, 34, 71, 144, 34, 18, 0, 71]",1
"[1478191169, 659183, 63504, 8, 239, 116, 0, 0, 0, 195, 0, 0]",1
"[1478191169, 659410, 1568, 8, 145, 34, 34, 3, 255, 248, 246, 176]",1
"[1478191169, 659648, 2592, 8, 0, 0, 88, 209, 105, 32, 219, 0]",1
"[1478191169, 659876, 24880, 8, 84, 146, 66, 255, 146, 66, 0, 255]",-1
"[1478191169, 660114, 37424, 8, 120, 187, 231, 65, 17, 2, 0, 65]",1
"[1478191169, 660339, 24880, 8, 84, 146, 66, 255, 146, 66, 0, 255]",-1
"[1478191169, 660597, 1840, 8, 0, 2, 0, 0, 0, 0, 0, 0]",1
"[1478191169, 665970, 24880, 8, 84, 146, 66, 255, 146, 66, 0, 255]",-1
"[1478191169, 666993, 1328, 8, 80, 2, 67, 134, 55, 0, 0, 160]",1
"[1478191169, 667228, 2560, 8, 213, 72, 71, 144, 0, 241, 32, 0]",1
"[1478191169, 667468, 6656, 8, 8, 88, 0, 0, 66, 0, 0, 0]",1
"[1478191169, 667695, 24880, 8, 84, 146, 66, 255, 146, 66, 0, 255]",-1
"[1478191169, 668294, 24880, 8, 84, 146, 66, 255, 146, 66, 0, 255]",-1
"[1478191169, 668858, 24880, 8, 80, 34, 7, 144, 34, 18, 0, 71]",1
"[1478191169, 669096, 63504, 8, 239, 116, 0, 0, 0, 195, 0, 0]",1
"[1478191169, 669326, 1568, 8, 145, 34, 34, 3, 255, 248, 246, 193]",1
"[1478191169, 669558, 2592, 8, 2, 0, 88, 209, 105, 32, 219, 0]",1
"[1478191169, 669783, 24880, 8, 84, 146, 66, 255, 146, 66, 0, 255]",-1
"[1478191169, 670024, 37424, 8, 120, 187, 231, 65, 17, 2, 0, 65]",1
"[1478191169, 670273, 1840, 8, 0, 2, 0, 0, 0, 0, 0, 0]",1
"[1478191169, 670516, 62272, 8, 0, 4, 6, 255, 23, 11, 128, 0]",1
"[1478191169, 670742, 24880, 8, 84, 146, 66, 255, 146, 66, 0, 255]",-1
"[1478191169, 675324, 3104, 8, 81, 0, 0, 0, 0, 0, 0, 0]",1
"[1478191169, 675551, 24880, 8, 84, 146, 66, 255, 146, 66, 0, 255]",-1
"[1478191169, 675801, 3904, 8, 0, 0, 0, 8, 0, 118, 29, 49]",1
"[1478191169, 676294, 24880, 8, 84, 146, 66, 255, 146, 66, 0, 255]",-1
"[1478191169, 677063, 1328, 8, 80, 2, 68, 134, 55, 0, 0, 167]",1
"[1478191169, 677460, 24880, 8, 84, 146, 66, 255, 146, 66, 0, 255]",-1
"[1478191169, 678623, 24880, 8, 84, 146, 66, 255, 146, 66, 0, 255]",-1
"[1478191169, 679035, 24880, 8, 80, 34, 7, 144, 34, 18, 0, 71]",1
"[1478191169, 679271, 63504, 8, 239, 116, 0, 0, 0, 195, 0, 0]",1
"[1478191169, 679501, 1568, 8, 145, 34, 34, 3, 255, 248, 230, 226]",1
"[1478191169, 679734, 2592, 8, 4, 0, 88, 209, 105, 32, 219, 0]",1
"[1478191169, 679960, 24880, 8, 84, 146, 66, 255, 146, 66, 0, 255]",-1
"[1478191169, 680200, 37424, 8, 120, 187, 231, 65, 17, 2, 0, 65]",1
"[1478191169, 680450, 1840, 8, 0, 2, 0, 0, 0, 0, 0, 0]",1
"[1478191169, 680688, 62272, 8, 0, 4, 6, 255, 23, 250, 128, 0]",1
"[1478191169, 680917, 24880, 8, 84, 146, 66, 255, 146, 66, 0, 255]",-1
"[1478191169, 684514, 24880, 8, 84, 146, 66, 255, 146, 66, 0, 255]",-1
"[1478191169, 685057, 3104, 8, 81, 0, 0, 0, 0, 0, 0, 0]",1
"[1478191169, 685454, 24880, 8, 84, 146, 66, 255, 146, 66, 0, 255]",-1
"[1478191169, 686619, 24880, 8, 84, 146, 66, 255, 146, 66, 0, 255]",-1
"[1478191169, 686980, 1328, 8, 80, 2, 69, 134, 55, 0, 0, 166]",1
"[1478191169, 687753, 24880, 8, 84, 146, 66, 255, 146, 66, 0, 255]",-1
"[1478191169, 688877, 24880, 8, 84, 146, 66, 255, 146, 66, 0, 255]",-1
"[1478191169, 689125, 63504, 8, 239, 116, 0, 0, 0, 195, 0, 0]",1
"[1478191169, 693361, 6976, 8, 0, 0, 0, 0, 0, 0, 0, 0]",1
"[1478191169, 698846, 24880, 8, 80, 34, 7, 144, 34, 18, 0, 71]",1
"[1478191169, 704595, 24880, 8, 84, 146, 66, 255, 146, 66, 0, 255]",-1
"[1478191169, 705055, 3104, 8, 81, 0, 0, 0, 0, 0, 0, 0]",1
"[1478191169, 705398, 24880, 8, 84, 146, 66, 255, 146, 66, 0, 255]",-1
"[1478191169, 706565, 24880, 8, 84, 146, 66, 255, 146, 66, 0, 255]",-1
"[1478191169, 707047, 1328, 8, 80, 2, 71, 134, 55, 0, 0, 164]",1
"[1478191169, 707727, 24880, 8, 84, 146, 66, 255, 146, 66, 0, 255]",-1
"[1478191169, 708815, 24880, 8, 80, 34, 7, 144, 34, 18, 0, 71]",1
"[1478191169, 709052, 63504, 8, 239, 116, 0, 0, 0, 195, 0, 0]",1
"[1478191169, 709279, 1568, 8, 145, 34, 34, 3, 255, 248, 230, 209]",1
"[1478191169, 709513, 2592, 8, 2, 0, 88, 209, 105, 32, 219, 0]",1
"[1478191169, 709739, 24880, 8, 84, 146, 66, 255, 146, 66, 0, 255]",-1
"[1478191169, 709983, 37424, 8, 205, 187, 231, 65, 17, 2, 0, 65]",1
"[1478191169, 710209, 24880, 8, 84, 146, 66, 255, 146, 66, 0, 255]",-1
"[1478191169, 710466, 1840, 8, 0, 2, 0, 0, 0, 0, 0, 0]",1
"[1478191169, 710710, 62272, 8, 0, 4, 6, 255, 39, 75, 128, 0]",1
"[1478191169, 710952, 1088, 8, 255, 0, 0, 0, 255, 75, 128, 0]",1
"[1478191169, 711191, 21584, 8, 141, 0, 0, 136, 0, 0, 0, 0]",1
"[1478191169, 711417, 24880, 8, 84, 146, 66, 255, 146, 66, 0, 255]",-1
"[1478191169, 712346, 24880, 8, 84, 146, 66, 255, 146, 66, 0, 255]",-1
"[1478191169, 713099, 832, 8, 0, 0, 0, 0, 0, 0, 0, 0]",1
"[1478191169, 713347, 6976, 8, 0, 0, 0, 0, 0, 0, 0, 0]",1
"[1478191169, 713596, 7952, 8, 128, 0, 0, 0, 0, 0, 0, 0]",1
"[1478191169, 713834, 13584, 8, 0, 18, 1, 255, 0, 255, 0, 0]",1
"[1478191169, 716067, 24880, 8, 84, 146, 66, 255, 146, 66, 0, 255]",-1
"[1478191169, 716885, 24880, 8, 84, 146, 66, 255, 146, 66, 0, 255]",-1
"[1478191169, 717128, 1328, 8, 80, 2, 72, 134, 55, 0, 0, 171]",1
